﻿<?xml version="1.0" encoding="utf-8" ?>
<hibernate-mapping xmlns="urn:nhibernate-mapping-2.2" namespace="NHCustomProvidersTest.Model" assembly="NHCustomProvidersTest">
	<class name="User" table="Users">
		<id name="Id" type="Int32" unsaved-value="0">
			<column name="userId" not-null="true" unique="true" index="PK_User"/>
			<generator class="native" />
		</id>

		<property name="Username" column="username" type="String" not-null="true" length="50" />
		<property name="Email" column="email" type="String" not-null="true" length="100" />
		<property name="Password" column="password" type="String" not-null="true" length="256" />
		<property name="PasswordSalt" column="passwordSalt" type="String" not-null="false" length="64" />
		<property name="PasswordFormat" column="passwordFormat" type="Int32" not-null="true" />
		<property name="PasswordQuestion" column="passwordQuestion" type="String" not-null="true" length="512" />
		<property name="PasswordAnswer" column="passwordAnswer" type="String" not-null="true" length="512" />
		<property name="FailedPasswordAttemptCount" column="failedPasswordAttemptCount" type="Int32" not-null="true" />
		<property name="FailedPasswordAttemptWindowStart" column="failedPasswordAttemptWindowStart" type="DateTime" not-null="false" />
		<property name="FailedPasswordAnswerAttemptCount" column="failedPasswordAnswerAttemptCount" type="Int32" not-null="true" />
		<property name="FailedPasswordAnswerAttemptWindowStart" column="failedPasswordAnswerAttemptWindowStart" type="DateTime" not-null="false" />
		<property name="LastPasswordChangedDate" column="lastPasswordChangedDate" type="DateTime" not-null="false" />
		<property name="CreationDate" column="creationDate" type="DateTime" not-null="true" />
		<property name="LastActivityDate" column="lastActivityDate" type="DateTime" not-null="true" />
		<property name="IsApproved" column="isApproved" type="Boolean" not-null="true" />
		<property name="IsLockedOut" column="isLockedOut" type="Boolean" not-null="true" />
		<property name="LastLockOutDate" column="lastLockOutDate" type="DateTime" not-null="false" />
		<property name="LastLoginDate" column="lastLoginDate" type="DateTime" not-null="false" />
		<property name="Comments" column="comments" type="String" not-null="false" />

		<property name="Name" column="name" type="String" not-null="true" length="256" />
		<property name="Surname" column="surname" type="String" not-null="true" length="256" />
		<property name="Company" column="company" type="String" not-null="true" length="256" />
		<property name="Phone" column="phone" type="String" not-null="false" length="16" />
		<property name="PostalCode" column="postalCode" type="String" not-null="false" length="50" />
	</class>
</hibernate-mapping>